[
  {
    "cmd": [
      "vpython",
      "-u",
      "RECIPE_REPO[depot_tools]/gerrit_client.py",
      "changes",
      "--host",
      "https://chromium-review.googlesource.com",
      "--json_file",
      "/path/to/tmp/json",
      "--limit",
      "1",
      "-p",
      "change=123456",
      "-o",
      "ALL_REVISIONS",
      "-o",
      "DOWNLOAD_COMMANDS"
    ],
    "env": {
      "PATH": "<PATH>:RECIPE_REPO[depot_tools]"
    },
    "infra_step": true,
    "luci_context": {
      "realm": {
        "name": "chromium/src:try"
      },
      "resultdb": {
        "current_invocation": {
          "name": "invocations/build:8945511751514863184",
          "update_token": "token"
        },
        "hostname": "rdbhost"
      }
    },
    "name": "gerrit fetch current CL info",
    "timeout": 60,
    "~followup_annotations": [
      "@@@STEP_LOG_LINE@json.output@[@@@",
      "@@@STEP_LOG_LINE@json.output@  {@@@",
      "@@@STEP_LOG_LINE@json.output@    \"branch\": \"main\", @@@",
      "@@@STEP_LOG_LINE@json.output@    \"owner\": {@@@",
      "@@@STEP_LOG_LINE@json.output@      \"name\": \"John Doe\"@@@",
      "@@@STEP_LOG_LINE@json.output@    }, @@@",
      "@@@STEP_LOG_LINE@json.output@    \"revisions\": {@@@",
      "@@@STEP_LOG_LINE@json.output@      \"184ebe53805e102605d11f6b143486d15c23a09c\": {@@@",
      "@@@STEP_LOG_LINE@json.output@        \"_number\": \"7\", @@@",
      "@@@STEP_LOG_LINE@json.output@        \"ref\": \"refs/changes/56/123456/7\"@@@",
      "@@@STEP_LOG_LINE@json.output@      }@@@",
      "@@@STEP_LOG_LINE@json.output@    }@@@",
      "@@@STEP_LOG_LINE@json.output@  }@@@",
      "@@@STEP_LOG_LINE@json.output@]@@@",
      "@@@STEP_LOG_END@json.output@@@"
    ]
  },
  {
    "cmd": [
      "vpython3",
      "-u",
      "RECIPE_MODULE[depot_tools::bot_update]/resources/bot_update.py",
      "--spec-path",
      "cache_dir = '[CACHE]/git'\nsolutions = [{'deps_file': '.DEPS.git', 'managed': True, 'name': 'src', 'url': 'https://chromium.googlesource.com/chromium/src.git'}]",
      "--patch_root",
      "src",
      "--revision_mapping_file",
      "{\"got_angle_revision\": \"src/third_party/angle\", \"got_cr_revision\": \"src\", \"got_revision\": \"src\", \"got_v8_revision\": \"src/v8\"}",
      "--git-cache-dir",
      "[CACHE]/git",
      "--cleanup-dir",
      "[CLEANUP]/bot_update",
      "--output_json",
      "/path/to/tmp/json",
      "--patch_ref",
      "https://chromium.googlesource.com/chromium/src@refs/heads/main:refs/changes/56/123456/7",
      "--revision",
      "src@refs/heads/main",
      "--refs",
      "refs/heads/main"
    ],
    "env": {
      "DEPOT_TOOLS_REPORT_BUILD": "chromium/src/try/linux/8945511751514863184",
      "GIT_HTTP_LOW_SPEED_LIMIT": "102400",
      "GIT_HTTP_LOW_SPEED_TIME": "1800"
    },
    "env_suffixes": {
      "DEPOT_TOOLS_UPDATE": [
        "0"
      ],
      "PATH": [
        "RECIPE_REPO[depot_tools]"
      ]
    },
    "infra_step": true,
    "luci_context": {
      "realm": {
        "name": "chromium/src:try"
      },
      "resultdb": {
        "current_invocation": {
          "name": "invocations/build:8945511751514863184",
          "update_token": "token"
        },
        "hostname": "rdbhost"
      }
    },
    "name": "bot_update",
    "~followup_annotations": [
      "@@@STEP_LOG_END@json.output (invalid)@@@",
      "@@@STEP_LOG_LINE@json.output (exception)@No JSON object could be decoded@@@",
      "@@@STEP_LOG_END@json.output (exception)@@@",
      "@@@STEP_EXCEPTION@@@"
    ]
  },
  {
    "failure": {
      "humanReason": "Infra Failure: Step('bot_update') (retcode: 1)"
    },
    "name": "$result"
  }
]