[
  {
    "cmd": [
      "vpython",
      "-u",
      "RECIPE_REPO[depot_tools]/gerrit_client.py",
      "changes",
      "--host",
      "https://chromium-review.googlesource.com",
      "--json_file",
      "/path/to/tmp/json",
      "--limit",
      "1",
      "-p",
      "change=123456",
      "-o",
      "ALL_REVISIONS",
      "-o",
      "DOWNLOAD_COMMANDS"
    ],
    "env": {
      "PATH": "<PATH>:RECIPE_REPO[depot_tools]"
    },
    "infra_step": true,
    "luci_context": {
      "realm": {
        "name": "chromium/src:try"
      },
      "resultdb": {
        "current_invocation": {
          "name": "invocations/build:8945511751514863184",
          "update_token": "token"
        },
        "hostname": "rdbhost"
      }
    },
    "name": "gerrit fetch current CL info",
    "timeout": 60,
    "~followup_annotations": [
      "@@@STEP_LOG_LINE@json.output@[@@@",
      "@@@STEP_LOG_LINE@json.output@  {@@@",
      "@@@STEP_LOG_LINE@json.output@    \"branch\": \"main\", @@@",
      "@@@STEP_LOG_LINE@json.output@    \"owner\": {@@@",
      "@@@STEP_LOG_LINE@json.output@      \"name\": \"John Doe\"@@@",
      "@@@STEP_LOG_LINE@json.output@    }, @@@",
      "@@@STEP_LOG_LINE@json.output@    \"revisions\": {@@@",
      "@@@STEP_LOG_LINE@json.output@      \"184ebe53805e102605d11f6b143486d15c23a09c\": {@@@",
      "@@@STEP_LOG_LINE@json.output@        \"_number\": \"7\", @@@",
      "@@@STEP_LOG_LINE@json.output@        \"ref\": \"refs/changes/56/123456/7\"@@@",
      "@@@STEP_LOG_LINE@json.output@      }@@@",
      "@@@STEP_LOG_LINE@json.output@    }@@@",
      "@@@STEP_LOG_LINE@json.output@  }@@@",
      "@@@STEP_LOG_LINE@json.output@]@@@",
      "@@@STEP_LOG_END@json.output@@@"
    ]
  },
  {
    "cmd": [
      "vpython3",
      "-u",
      "RECIPE_MODULE[depot_tools::bot_update]/resources/bot_update.py",
      "--spec-path",
      "cache_dir = '[CACHE]/git'\nsolutions = [{'deps_file': '.DEPS.git', 'managed': True, 'name': 'src', 'url': 'https://chromium.googlesource.com/chromium/src.git'}]",
      "--patch_root",
      "src",
      "--revision_mapping_file",
      "{\"got_angle_revision\": \"src/third_party/angle\", \"got_cr_revision\": \"src\", \"got_revision\": \"src\", \"got_v8_revision\": \"src/v8\"}",
      "--git-cache-dir",
      "[CACHE]/git",
      "--cleanup-dir",
      "[CLEANUP]/bot_update",
      "--output_json",
      "/path/to/tmp/json",
      "--patch_ref",
      "https://chromium.googlesource.com/chromium/src@refs/heads/main:refs/changes/56/123456/7",
      "--revision",
      "src@refs/heads/main",
      "--refs",
      "refs/heads/main"
    ],
    "env": {
      "DEPOT_TOOLS_REPORT_BUILD": "chromium/src/try/linux/8945511751514863184",
      "GIT_HTTP_LOW_SPEED_LIMIT": "102400",
      "GIT_HTTP_LOW_SPEED_TIME": "1800"
    },
    "env_suffixes": {
      "DEPOT_TOOLS_UPDATE": [
        "0"
      ],
      "PATH": [
        "RECIPE_REPO[depot_tools]"
      ]
    },
    "infra_step": true,
    "luci_context": {
      "realm": {
        "name": "chromium/src:try"
      },
      "resultdb": {
        "current_invocation": {
          "name": "invocations/build:8945511751514863184",
          "update_token": "token"
        },
        "hostname": "rdbhost"
      }
    },
    "name": "bot_update",
    "~followup_annotations": [
      "@@@STEP_TEXT@Some step text@@@",
      "@@@STEP_LOG_LINE@json.output@{@@@",
      "@@@STEP_LOG_LINE@json.output@  \"did_run\": true, @@@",
      "@@@STEP_LOG_LINE@json.output@  \"failed_patch_body\": \"Downloading patch...\\nApplying the patch...\\nPatch: foo/bar.py\\nIndex: foo/bar.py\\ndiff --git a/foo/bar.py b/foo/bar.py\\nindex HASH..HASH MODE\\n--- a/foo/bar.py\\n+++ b/foo/bar.py\\ncontext\\n+something\\n-something\\nmore context\", @@@",
      "@@@STEP_LOG_LINE@json.output@  \"fixed_revisions\": {@@@",
      "@@@STEP_LOG_LINE@json.output@    \"src\": \"HEAD\"@@@",
      "@@@STEP_LOG_LINE@json.output@  }, @@@",
      "@@@STEP_LOG_LINE@json.output@  \"manifest\": {@@@",
      "@@@STEP_LOG_LINE@json.output@    \"src\": {@@@",
      "@@@STEP_LOG_LINE@json.output@      \"repository\": \"https://fake.org/src.git\", @@@",
      "@@@STEP_LOG_LINE@json.output@      \"revision\": \"f27fede2220bcd326aee3e86ddfd4ebd0fe58cb9\"@@@",
      "@@@STEP_LOG_LINE@json.output@    }, @@@",
      "@@@STEP_LOG_LINE@json.output@    \"src/third_party/angle\": {@@@",
      "@@@STEP_LOG_LINE@json.output@      \"repository\": \"https://fake.org/src/third_party/angle.git\", @@@",
      "@@@STEP_LOG_LINE@json.output@      \"revision\": \"fac9503c46405f77757b9a728eb85b8d7bc6080c\"@@@",
      "@@@STEP_LOG_LINE@json.output@    }, @@@",
      "@@@STEP_LOG_LINE@json.output@    \"src/v8\": {@@@",
      "@@@STEP_LOG_LINE@json.output@      \"repository\": \"https://fake.org/src/v8.git\", @@@",
      "@@@STEP_LOG_LINE@json.output@      \"revision\": \"801ada225ddc271c132c3a35f03975671d43e399\"@@@",
      "@@@STEP_LOG_LINE@json.output@    }@@@",
      "@@@STEP_LOG_LINE@json.output@  }, @@@",
      "@@@STEP_LOG_LINE@json.output@  \"patch_apply_return_code\": 1, @@@",
      "@@@STEP_LOG_LINE@json.output@  \"patch_failure\": true, @@@",
      "@@@STEP_LOG_LINE@json.output@  \"patch_root\": \"src\", @@@",
      "@@@STEP_LOG_LINE@json.output@  \"properties\": {@@@",
      "@@@STEP_LOG_LINE@json.output@    \"got_angle_revision\": \"fac9503c46405f77757b9a728eb85b8d7bc6080c\", @@@",
      "@@@STEP_LOG_LINE@json.output@    \"got_angle_revision_cp\": \"refs/heads/main@{#297276}\", @@@",
      "@@@STEP_LOG_LINE@json.output@    \"got_cr_revision\": \"f27fede2220bcd326aee3e86ddfd4ebd0fe58cb9\", @@@",
      "@@@STEP_LOG_LINE@json.output@    \"got_cr_revision_cp\": \"refs/heads/main@{#170242}\", @@@",
      "@@@STEP_LOG_LINE@json.output@    \"got_revision\": \"f27fede2220bcd326aee3e86ddfd4ebd0fe58cb9\", @@@",
      "@@@STEP_LOG_LINE@json.output@    \"got_revision_cp\": \"refs/heads/main@{#170242}\", @@@",
      "@@@STEP_LOG_LINE@json.output@    \"got_v8_revision\": \"801ada225ddc271c132c3a35f03975671d43e399\", @@@",
      "@@@STEP_LOG_LINE@json.output@    \"got_v8_revision_cp\": \"refs/heads/main@{#43426}\"@@@",
      "@@@STEP_LOG_LINE@json.output@  }, @@@",
      "@@@STEP_LOG_LINE@json.output@  \"root\": \"src\", @@@",
      "@@@STEP_LOG_LINE@json.output@  \"source_manifest\": {@@@",
      "@@@STEP_LOG_LINE@json.output@    \"directories\": {@@@",
      "@@@STEP_LOG_LINE@json.output@      \"src\": {@@@",
      "@@@STEP_LOG_LINE@json.output@        \"git_checkout\": {@@@",
      "@@@STEP_LOG_LINE@json.output@          \"repo_url\": \"https://fake.org/src.git\", @@@",
      "@@@STEP_LOG_LINE@json.output@          \"revision\": \"f27fede2220bcd326aee3e86ddfd4ebd0fe58cb9\"@@@",
      "@@@STEP_LOG_LINE@json.output@        }@@@",
      "@@@STEP_LOG_LINE@json.output@      }, @@@",
      "@@@STEP_LOG_LINE@json.output@      \"src/third_party/angle\": {@@@",
      "@@@STEP_LOG_LINE@json.output@        \"git_checkout\": {@@@",
      "@@@STEP_LOG_LINE@json.output@          \"repo_url\": \"https://fake.org/src/third_party/angle.git\", @@@",
      "@@@STEP_LOG_LINE@json.output@          \"revision\": \"fac9503c46405f77757b9a728eb85b8d7bc6080c\"@@@",
      "@@@STEP_LOG_LINE@json.output@        }@@@",
      "@@@STEP_LOG_LINE@json.output@      }, @@@",
      "@@@STEP_LOG_LINE@json.output@      \"src/v8\": {@@@",
      "@@@STEP_LOG_LINE@json.output@        \"git_checkout\": {@@@",
      "@@@STEP_LOG_LINE@json.output@          \"repo_url\": \"https://fake.org/src/v8.git\", @@@",
      "@@@STEP_LOG_LINE@json.output@          \"revision\": \"801ada225ddc271c132c3a35f03975671d43e399\"@@@",
      "@@@STEP_LOG_LINE@json.output@        }@@@",
      "@@@STEP_LOG_LINE@json.output@      }@@@",
      "@@@STEP_LOG_LINE@json.output@    }, @@@",
      "@@@STEP_LOG_LINE@json.output@    \"version\": 0@@@",
      "@@@STEP_LOG_LINE@json.output@  }, @@@",
      "@@@STEP_LOG_LINE@json.output@  \"step_text\": \"Some step text\"@@@",
      "@@@STEP_LOG_LINE@json.output@}@@@",
      "@@@STEP_LOG_END@json.output@@@",
      "@@@STEP_LOG_LINE@patch error@Downloading patch...@@@",
      "@@@STEP_LOG_LINE@patch error@Applying the patch...@@@",
      "@@@STEP_LOG_LINE@patch error@Patch: foo/bar.py@@@",
      "@@@STEP_LOG_LINE@patch error@Index: foo/bar.py@@@",
      "@@@STEP_LOG_LINE@patch error@diff --git a/foo/bar.py b/foo/bar.py@@@",
      "@@@STEP_LOG_LINE@patch error@index HASH..HASH MODE@@@",
      "@@@STEP_LOG_LINE@patch error@--- a/foo/bar.py@@@",
      "@@@STEP_LOG_LINE@patch error@+++ b/foo/bar.py@@@",
      "@@@STEP_LOG_LINE@patch error@context@@@",
      "@@@STEP_LOG_LINE@patch error@+something@@@",
      "@@@STEP_LOG_LINE@patch error@-something@@@",
      "@@@STEP_LOG_LINE@patch error@more context@@@",
      "@@@STEP_LOG_END@patch error@@@",
      "@@@SET_BUILD_PROPERTY@got_angle_revision@\"fac9503c46405f77757b9a728eb85b8d7bc6080c\"@@@",
      "@@@SET_BUILD_PROPERTY@got_angle_revision_cp@\"refs/heads/main@{#297276}\"@@@",
      "@@@SET_BUILD_PROPERTY@got_cr_revision@\"f27fede2220bcd326aee3e86ddfd4ebd0fe58cb9\"@@@",
      "@@@SET_BUILD_PROPERTY@got_cr_revision_cp@\"refs/heads/main@{#170242}\"@@@",
      "@@@SET_BUILD_PROPERTY@got_revision@\"f27fede2220bcd326aee3e86ddfd4ebd0fe58cb9\"@@@",
      "@@@SET_BUILD_PROPERTY@got_revision_cp@\"refs/heads/main@{#170242}\"@@@",
      "@@@SET_BUILD_PROPERTY@got_v8_revision@\"801ada225ddc271c132c3a35f03975671d43e399\"@@@",
      "@@@SET_BUILD_PROPERTY@got_v8_revision_cp@\"refs/heads/main@{#43426}\"@@@",
      "@@@STEP_FAILURE@@@"
    ]
  },
  {
    "cmd": [],
    "name": "TRYJOB FAILURE",
    "~followup_annotations": [
      "@@@STEP_TEXT@PATCH_FAILURE@@@",
      "@@@SET_BUILD_PROPERTY@failure_type@\"PATCH_FAILURE\"@@@",
      "@@@STEP_FAILURE@@@"
    ]
  },
  {
    "cmd": [],
    "name": "TRYJOB DO NOT RETRY",
    "~followup_annotations": [
      "@@@SET_BUILD_PROPERTY@$recipe_engine/cq/output@{\"retry\": \"OUTPUT_RETRY_DENIED\"}@@@",
      "@@@SET_BUILD_PROPERTY@do_not_retry@true@@@"
    ]
  },
  {
    "failure": {
      "failure": {},
      "humanReason": "Patch failure: See patch error log attached to bot_update. Try rebasing?"
    },
    "name": "$result"
  }
]